<?xml version="1.0" encoding="UTF-8"?>
<server>
  <!-- ==================================================================== -->
  <!-- JMS Stuff                                                            -->
  <!-- ==================================================================== -->

  <!-- The JMS provider loader -->
  <mbean code="org.jboss.jms.jndi.JMSProviderLoader"
	 name="jboss.mq:service=JMSProviderLoader,name=JBossMQProvider">
    <attribute name="ProviderName">NirvanaJMSProvider</attribute>
    <attribute name="ProviderAdapterClass">
      com.pcbsys.nirvana.j2ee.jboss.adapter.NirvanaJNDIProviderAdapter
    </attribute>
    <attribute name="QueueFactoryRef">QueueConnectionFactory</attribute>
    <attribute name="TopicFactoryRef">TopicConnectionFactory</attribute>
  </mbean>
 

  <!-- The server session pool for Message Driven Beans -->
  <mbean code="org.jboss.jms.asf.ServerSessionPoolLoader"
	 name="jboss.mq:service=ServerSessionPoolMBean,name=NirvanaJMSPool">
    <depends optional-attribute-name="XidFactory">jboss:service=XidFactory</depends>
    <attribute name="PoolName">NirvanaJMSPool</attribute>
    <attribute name="PoolFactoryClass">
      com.pcbsys.nirvana.j2ee.jboss.NirvanaServerSessionPoolFactory
    </attribute>
  </mbean>
    
</server>