<?xml version="1.0" encoding="UTF-8" standalone="no"?>
<registration_data version="1.0">
   <environment>
      <hostname>Unknown host</hostname>
      <hostId>00000000</hostId>
      <osName>Linux</osName>
      <osVersion>2.6.32-279.el6.i686</osVersion>
      <osArchitecture>i386</osArchitecture>
      <systemModel>i386</systemModel>
      <systemManufacturer/>
      <cpuManufacturer>GenuineIntel</cpuManufacturer>
      <serialNumber/>
   </environment>
   <registry urn="urn:st:4749b53e-17fd-4cb0-95f2-c44510d02a7d" version="1.0">
      <service_tag>
         <instance_urn>urn:st:db1867a9-b4d5-4417-870b-ee8ab29b9c38</instance_urn>
         <product_name>Java SE 7 Development Kit</product_name>
         <product_version>1.7.0_10</product_version>
         <product_urn>JSEZ9-007-ZZZZ</product_urn>
         <product_parent_urn>urn:uuid:dc1704fe-264f-11dc-9482-080020a9ed93</product_parent_urn>
         <product_parent>Java Platform Standard Edition 7 (Java SE 7)</product_parent>
         <product_defined_inst_id>id=1.7.0_10-b18 i386,dir=/usr/java/jdk1.7.0_10/jre</product_defined_inst_id>
         <product_vendor>Oracle Corporation</product_vendor>
         <platform_arch>i386</platform_arch>
         <timestamp>2012-12-19 08:19:22 GMT</timestamp>
         <container>global</container>
         <source>jdk</source>
         <installer_uid>-1</installer_uid>
      </service_tag>
   </registry>
</registration_data>
